id1,id2,label
0,1,1
0,6478,1
1,6478,1
2,3,1
2,5407,1
2,3775,1
3,5407,1
3,3775,1
5407,3775,1
4,5,1
4,6557,1
4,2911,1
5,6557,1
5,2911,1
6557,2911,1
6285,6,1
6285,7,1
6285,6745,1
6,7,1
6,6745,1
7,6745,1
7459,12,1
7459,13,1
7459,2272,1
12,13,1
12,2272,1
13,2272,1
3811,3252,1
3811,14,1
3811,15,1
3252,14,1
3252,15,1
14,15,1
7101,6859,1
7101,25,1
7101,24,1
6859,25,1
6859,24,1
25,24,1
3861,7148,1
3861,30,1
3861,31,1
7148,30,1
7148,31,1
30,31,1
32,33,1
32,5716,1
32,2587,1
33,5716,1
33,2587,1
5716,2587,1
38,39,1
38,6680,1
38,3710,1
39,6680,1
39,3710,1
6680,3710,1
2934,42,1
2934,43,1
2934,913,1
42,43,1
42,913,1
43,913,1
50,51,1
50,2069,1
50,6798,1
51,2069,1
51,6798,1
2069,6798,1
6876,53,1
6876,52,1
6876,2921,1
53,52,1
53,2921,1
52,2921,1
5455,2070,1
5455,57,1
5455,56,1
2070,57,1
2070,56,1
57,56,1
415,59,1
415,5340,1
415,58,1
59,5340,1
59,58,1
5340,58,1
63,7058,1
63,62,1
63,5664,1
7058,62,1
7058,5664,1
62,5664,1
1939,70,1
1939,6902,1
1939,71,1
70,6902,1
70,71,1
6902,71,1
6585,2625,1
6585,78,1
6585,79,1
2625,78,1
2625,79,1
78,79,1
81,80,1
81,5272,1
81,2569,1
80,5272,1
80,2569,1
5272,2569,1
729,3255,1
729,83,1
729,82,1
3255,83,1
3255,82,1
83,82,1
85,84,1
85,7274,1
85,6492,1
84,7274,1
84,6492,1
7274,6492,1
2253,87,1
2253,86,1
2253,2249,1
87,86,1
87,2249,1
86,2249,1
5797,6443,1
5797,89,1
5797,88,1
6443,89,1
6443,88,1
89,88,1
5346,508,1
5346,94,1
5346,95,1
508,94,1
508,95,1
94,95,1
100,101,1
100,3434,1
100,5911,1
101,3434,1
101,5911,1
3434,5911,1
7380,3358,1
7380,108,1
7380,109,1
3358,108,1
3358,109,1
108,109,1
5015,110,1
5015,111,1
5015,4440,1
110,111,1
110,4440,1
111,4440,1
122,123,1
122,2060,1
123,2060,1
130,131,1
130,7047,1
131,7047,1
1864,141,1
1864,140,1
1864,5030,1
141,140,1
141,5030,1
140,5030,1
143,142,1
143,4514,1
143,6058,1
142,4514,1
142,6058,1
4514,6058,1
144,145,1
144,2198,1
144,5863,1
145,2198,1
145,5863,1
2198,5863,1
148,149,1
148,7528,1
148,2174,1
149,7528,1
149,2174,1
7528,2174,1
6658,5762,1
6658,150,1
5762,150,1
156,157,1
156,7405,1
156,2136,1
157,7405,1
157,2136,1
7405,2136,1
1525,6511,1
1525,167,1
1525,166,1
6511,167,1
6511,166,1
167,166,1
171,170,1
171,7351,1
171,1240,1
170,7351,1
170,1240,1
7351,1240,1
175,174,1
175,4681,1
175,4839,1
174,4681,1
174,4839,1
4681,4839,1
5604,176,1
5604,177,1
5604,1977,1
176,177,1
176,1977,1
177,1977,1
3720,180,1
3720,4906,1
3720,181,1
180,4906,1
180,181,1
4906,181,1
2989,186,1
2989,187,1
2989,4787,1
186,187,1
186,4787,1
187,4787,1
6073,193,1
6073,192,1
6073,3365,1
193,192,1
193,3365,1
192,3365,1
1403,199,1
1403,198,1
1403,6782,1
199,198,1
199,6782,1
198,6782,1
201,200,1
201,1536,1
201,1531,1
200,1536,1
200,1531,1
1536,1531,1
4262,202,1
4262,203,1
4262,3485,1
202,203,1
202,3485,1
203,3485,1
4021,375,1
4021,212,1
4021,213,1
375,212,1
375,213,1
212,213,1
214,6388,1
214,215,1
214,5770,1
6388,215,1
6388,5770,1
215,5770,1
3668,216,1
3668,5371,1
216,5371,1
218,515,1
218,219,1
218,6191,1
515,219,1
515,6191,1
219,6191,1
4542,221,1
5494,232,1
5494,233,1
5494,5884,1
232,233,1
232,5884,1
233,5884,1
7520,5128,1
7520,236,1
7520,237,1
5128,236,1
5128,237,1
236,237,1
326,3226,1
326,240,1
326,241,1
3226,240,1
3226,241,1
240,241,1
248,249,1
248,6681,1
248,4907,1
249,6681,1
249,4907,1
6681,4907,1
4536,252,1
4536,253,1
4536,3059,1
252,253,1
252,3059,1
253,3059,1
255,4388,1
256,1550,1
256,257,1
256,2191,1
1550,257,1
1550,2191,1
257,2191,1
260,261,1
260,3878,1
260,6386,1
261,3878,1
261,6386,1
3878,6386,1
262,2933,1
262,263,1
262,7046,1
2933,263,1
2933,7046,1
263,7046,1
1289,264,1
1289,265,1
1289,6156,1
264,265,1
264,6156,1
265,6156,1
1001,266,1
1001,267,1
1001,6990,1
266,267,1
266,6990,1
267,6990,1
3195,3565,1
3195,268,1
3195,269,1
3565,268,1
3565,269,1
268,269,1
3251,5909,1
3251,270,1
3251,271,1
5909,270,1
5909,271,1
270,271,1
273,272,1
273,6157,1
273,7504,1
272,6157,1
272,7504,1
6157,7504,1
275,274,1
275,1096,1
275,6564,1
274,1096,1
274,6564,1
1096,6564,1
3066,1244,1
3066,281,1
3066,280,1
1244,281,1
1244,280,1
281,280,1
5049,283,1
5049,282,1
5049,6975,1
283,282,1
283,6975,1
282,6975,1
5595,284,1
288,2641,1
288,289,1
288,7163,1
2641,289,1
2641,7163,1
289,7163,1
5412,6625,1
1104,2085,1
1104,296,1
1104,297,1
2085,296,1
2085,297,1
296,297,1
5447,298,1
5447,5013,1
5447,299,1
298,5013,1
298,299,1
5013,299,1
6177,5758,1
6177,300,1
6177,301,1
5758,300,1
5758,301,1
300,301,1
5933,2222,1
5933,311,1
5933,310,1
2222,311,1
2222,310,1
311,310,1
372,322,1
372,323,1
372,7308,1
322,323,1
322,7308,1
323,7308,1
324,325,1
324,1094,1
324,5293,1
325,1094,1
325,5293,1
1094,5293,1
342,341,1
342,4502,1
342,3427,1
341,4502,1
341,3427,1
4502,3427,1
2115,343,1
2115,344,1
2115,5231,1
343,344,1
343,5231,1
344,5231,1
4646,1771,1
4646,346,1
4646,345,1
1771,346,1
1771,345,1
346,345,1
441,1341,1
441,348,1
441,347,1
1341,348,1
1341,347,1
348,347,1
357,358,1
357,5259,1
357,7166,1
358,5259,1
358,7166,1
5259,7166,1
4629,369,1
4629,368,1
4629,2745,1
369,368,1
369,2745,1
368,2745,1
373,7330,1
373,374,1
373,5217,1
7330,374,1
7330,5217,1
374,5217,1
2920,389,1
393,392,1
393,4801,1
393,6336,1
392,4801,1
392,6336,1
4801,6336,1
395,394,1
395,6845,1
395,6362,1
394,6845,1
394,6362,1
6845,6362,1
402,403,1
402,1649,1
402,7072,1
403,1649,1
403,7072,1
1649,7072,1
4695,4833,1
4695,404,1
4695,405,1
4833,404,1
4833,405,1
404,405,1
3560,2250,1
3560,411,1
2250,411,1
417,416,1
417,1539,1
417,3393,1
416,1539,1
416,3393,1
1539,3393,1
3357,5860,1
3357,419,1
3357,420,1
5860,419,1
5860,420,1
419,420,1
5637,7373,1
5637,421,1
5637,422,1
7373,421,1
7373,422,1
421,422,1
5744,7143,1
5744,423,1
5744,424,1
7143,423,1
7143,424,1
423,424,1
425,426,1
425,4637,1
425,7418,1
426,4637,1
426,7418,1
4637,7418,1
4713,427,1
4713,2939,1
4713,428,1
427,2939,1
427,428,1
2939,428,1
609,6217,1
609,429,1
609,430,1
6217,429,1
6217,430,1
429,430,1
431,432,1
431,5652,1
431,5014,1
432,5652,1
432,5014,1
5652,5014,1
5692,7332,1
5692,435,1
5692,436,1
7332,435,1
7332,436,1
435,436,1
444,7081,1
444,445,1
444,7343,1
7081,445,1
7081,7343,1
445,7343,1
6768,449,1
6768,4595,1
6768,448,1
449,4595,1
449,448,1
4595,448,1
7011,4897,1
7011,453,1
7011,452,1
4897,453,1
4897,452,1
453,452,1
5896,455,1
5896,454,1
5896,3447,1
455,454,1
455,3447,1
454,3447,1
4216,459,1
4216,460,1
4216,3790,1
459,460,1
459,3790,1
460,3790,1
461,5165,1
2678,472,1
2678,473,1
2678,6989,1
472,473,1
472,6989,1
473,6989,1
5349,5200,1
1746,484,1
1746,7284,1
1746,485,1
484,7284,1
484,485,1
7284,485,1
3007,491,1
3007,490,1
3007,6408,1
491,490,1
491,6408,1
490,6408,1
493,492,1
493,6915,1
493,1243,1
492,6915,1
492,1243,1
6915,1243,1
5284,502,1
5284,4152,1
5284,503,1
502,4152,1
502,503,1
4152,503,1
4528,504,1
4528,505,1
4528,1422,1
504,505,1
504,1422,1
505,1422,1
511,512,1
511,5149,1
511,1907,1
512,5149,1
512,1907,1
5149,1907,1
516,517,1
516,2970,1
516,7035,1
517,2970,1
517,7035,1
2970,7035,1
533,534,1
533,2183,1
533,7117,1
534,2183,1
534,7117,1
2183,7117,1
6112,2663,1
6112,537,1
6112,536,1
2663,537,1
2663,536,1
537,536,1
544,545,1
544,2951,1
544,1371,1
545,2951,1
545,1371,1
2951,1371,1
5316,566,1
5316,565,1
5316,2409,1
566,565,1
566,2409,1
565,2409,1
570,569,1
4597,3740,1
4597,572,1
4597,571,1
3740,572,1
3740,571,1
572,571,1
574,573,1
574,4277,1
574,2961,1
573,4277,1
573,2961,1
4277,2961,1
576,1642,1
576,575,1
576,5970,1
1642,575,1
1642,5970,1
575,5970,1
579,580,1
579,3317,1
579,892,1
580,3317,1
580,892,1
3317,892,1
595,596,1
595,1918,1
595,6627,1
596,1918,1
596,6627,1
1918,6627,1
6328,2223,1
6328,599,1
6328,600,1
2223,599,1
2223,600,1
599,600,1
610,611,1
610,4213,1
610,6348,1
611,4213,1
611,6348,1
4213,6348,1
614,613,1
614,3229,1
614,4972,1
613,3229,1
613,4972,1
3229,4972,1
1644,618,1
1644,617,1
1644,2925,1
618,617,1
618,2925,1
617,2925,1
619,1465,1
619,1060,1
619,620,1
1465,1060,1
1465,620,1
1060,620,1
624,5642,1
624,623,1
624,2690,1
5642,623,1
5642,2690,1
623,2690,1
627,4097,1
627,7182,1
627,628,1
4097,7182,1
4097,628,1
7182,628,1
7093,4853,1
7093,635,1
7093,636,1
4853,635,1
4853,636,1
635,636,1
4946,638,1
4946,637,1
4946,4738,1
638,637,1
638,4738,1
637,4738,1
1154,5793,1
1154,645,1
1154,646,1
5793,645,1
5793,646,1
645,646,1
2915,648,1
2915,647,1
2915,2378,1
648,647,1
648,2378,1
647,2378,1
653,652,1
653,3418,1
653,7390,1
652,3418,1
652,7390,1
3418,7390,1
656,657,1
656,3334,1
656,3290,1
657,3334,1
657,3290,1
3334,3290,1
670,671,1
670,5301,1
670,6250,1
671,5301,1
671,6250,1
5301,6250,1
4043,675,1
4043,674,1
4043,4561,1
675,674,1
675,4561,1
674,4561,1
677,4892,1
677,676,1
677,6174,1
4892,676,1
4892,6174,1
676,6174,1
683,6559,1
683,682,1
683,4653,1
6559,682,1
6559,4653,1
682,4653,1
686,685,1
686,6283,1
686,3696,1
685,6283,1
685,3696,1
6283,3696,1
1083,687,1
1083,7132,1
1083,688,1
687,7132,1
687,688,1
7132,688,1
6755,690,1
6755,689,1
690,689,1
1337,698,1
1337,697,1
1337,2620,1
698,697,1
698,2620,1
697,2620,1
702,701,1
702,3282,1
702,1075,1
701,3282,1
701,1075,1
3282,1075,1
703,4861,1
703,704,1
703,6626,1
4861,704,1
4861,6626,1
704,6626,1
712,2986,1
712,5031,1
712,711,1
2986,5031,1
2986,711,1
5031,711,1
715,716,1
715,4148,1
715,6563,1
716,4148,1
716,6563,1
4148,6563,1
719,720,1
719,3581,1
719,2924,1
720,3581,1
720,2924,1
3581,2924,1
4112,1762,1
4112,723,1
4112,724,1
1762,723,1
1762,724,1
723,724,1
728,4177,1
728,4294,1
728,727,1
4177,4294,1
4177,727,1
4294,727,1
730,731,1
730,4372,1
730,1540,1
731,4372,1
731,1540,1
4372,1540,1
2048,739,1
2048,738,1
2048,4952,1
739,738,1
739,4952,1
738,4952,1
2142,743,1
2142,742,1
2142,2367,1
743,742,1
743,2367,1
742,2367,1
744,745,1
744,6957,1
744,6781,1
745,6957,1
745,6781,1
6957,6781,1
747,2334,1
5118,752,1
5118,753,1
5118,5624,1
752,753,1
752,5624,1
753,5624,1
1611,754,1
1611,755,1
1611,3650,1
754,755,1
754,3650,1
755,3650,1
6754,5546,1
6754,756,1
6754,757,1
5546,756,1
5546,757,1
756,757,1
6644,758,1
6644,759,1
6644,3915,1
758,759,1
758,3915,1
759,3915,1
761,3386,1
762,763,1
762,1656,1
762,4987,1
763,1656,1
763,4987,1
1656,4987,1
6256,4421,1
6256,773,1
6256,774,1
4421,773,1
4421,774,1
773,774,1
7055,7317,1
7055,784,1
7317,784,1
6052,791,1
6052,790,1
6052,2815,1
791,790,1
791,2815,1
790,2815,1
7056,794,1
7056,7211,1
7056,795,1
794,7211,1
794,795,1
7211,795,1
5075,7077,1
5075,797,1
5075,796,1
7077,797,1
7077,796,1
797,796,1
3456,3383,1
3456,811,1
3383,811,1
2285,823,1
2285,6372,1
2285,824,1
823,6372,1
823,824,1
6372,824,1
825,826,1
825,5338,1
825,1512,1
826,5338,1
826,1512,1
5338,1512,1
832,1340,1
832,831,1
832,3498,1
1340,831,1
1340,3498,1
831,3498,1
838,837,1
838,3955,1
838,946,1
837,3955,1
837,946,1
3955,946,1
7226,7096,1
7226,839,1
7226,840,1
7096,839,1
7096,840,1
839,840,1
7053,854,1
7053,853,1
7053,3726,1
854,853,1
854,3726,1
853,3726,1
6211,3380,1
6211,855,1
6211,856,1
3380,855,1
3380,856,1
855,856,1
858,857,1
858,7217,1
858,7159,1
857,7217,1
857,7159,1
7217,7159,1
4656,865,1
4656,866,1
4656,5090,1
865,866,1
865,5090,1
866,5090,1
5181,871,1
5181,872,1
5181,7474,1
871,872,1
871,7474,1
872,7474,1
873,4298,1
873,874,1
873,7487,1
4298,874,1
4298,7487,1
874,7487,1
2886,2102,1
2886,891,1
2886,890,1
2102,891,1
2102,890,1
891,890,1
896,6517,1
896,4650,1
896,895,1
6517,4650,1
6517,895,1
4650,895,1
6603,6929,1
6603,902,1
6603,901,1
6929,902,1
6929,901,1
902,901,1
6814,4068,1
6814,906,1
6814,905,1
4068,906,1
4068,905,1
906,905,1
926,925,1
926,7028,1
926,4816,1
925,7028,1
925,4816,1
7028,4816,1
4613,1900,1
4613,929,1
4613,930,1
1900,929,1
1900,930,1
929,930,1
6286,932,1
6286,4652,1
6286,931,1
932,4652,1
932,931,1
4652,931,1
937,4492,1
937,938,1
937,5751,1
4492,938,1
4492,5751,1
938,5751,1
940,939,1
940,1947,1
940,3519,1
939,1947,1
939,3519,1
1947,3519,1
4847,6942,1
4847,949,1
4847,950,1
6942,949,1
6942,950,1
949,950,1
3760,6061,1
3760,958,1
3760,959,1
6061,958,1
6061,959,1
958,959,1
3793,4740,1
3793,961,1
3793,960,1
4740,961,1
4740,960,1
961,960,1
974,973,1
974,7348,1
974,5627,1
973,7348,1
973,5627,1
7348,5627,1
977,978,1
977,4726,1
977,4535,1
978,4726,1
978,4535,1
4726,4535,1
4022,4041,1
4022,982,1
4022,983,1
4041,982,1
4041,983,1
982,983,1
4273,4453,1
4273,986,1
4273,987,1
4453,986,1
4453,987,1
986,987,1
2835,995,1
2835,994,1
995,994,1
1003,1002,1
1003,4466,1
1003,7478,1
1002,4466,1
1002,7478,1
4466,7478,1
1005,1004,1
1005,3731,1
1005,7088,1
1004,3731,1
1004,7088,1
3731,7088,1
6866,1535,1
6866,1013,1
6866,1014,1
1535,1013,1
1535,1014,1
1013,1014,1
5403,1017,1
5403,1018,1
5403,7402,1
1017,1018,1
1017,7402,1
1018,7402,1
2480,5100,1
2480,1021,1
2480,1022,1
5100,1021,1
5100,1022,1
1021,1022,1
1032,2032,1
1032,3591,1
1032,1031,1
2032,3591,1
2032,1031,1
3591,1031,1
1959,7246,1
1959,1037,1
1959,1038,1
7246,1037,1
7246,1038,1
1037,1038,1
7448,1039,1
7448,4393,1
7448,1040,1
1039,4393,1
1039,1040,1
4393,1040,1
4358,1043,1
4358,1044,1
4358,6833,1
1043,1044,1
1043,6833,1
1044,6833,1
1053,1052,1
1053,5618,1
1053,3382,1
1052,5618,1
1052,3382,1
5618,3382,1
1252,5693,1
1252,1055,1
1252,1054,1
5693,1055,1
5693,1054,1
1055,1054,1
1766,5236,1
1766,1056,1
1766,1057,1
5236,1056,1
5236,1057,1
1056,1057,1
5386,5697,1
5386,1058,1
5386,1059,1
5697,1058,1
5697,1059,1
1058,1059,1
4362,2209,1
4362,1062,1
4362,1063,1
2209,1062,1
2209,1063,1
1062,1063,1
1066,1067,1
1066,4674,1
1066,7255,1
1067,4674,1
1067,7255,1
4674,7255,1
1087,1086,1
1087,6242,1
1087,2774,1
1086,6242,1
1086,2774,1
6242,2774,1
1090,6547,1
1090,1091,1
1090,2150,1
6547,1091,1
6547,2150,1
1091,2150,1
6568,1115,1
6568,4764,1
6568,1116,1
1115,4764,1
1115,1116,1
4764,1116,1
1117,1118,1
1117,5051,1
1117,6472,1
1118,5051,1
1118,6472,1
5051,6472,1
1119,5177,1
1119,1615,1
1119,1120,1
5177,1615,1
5177,1120,1
1615,1120,1
7454,1122,1
7454,5871,1
7454,1121,1
1122,5871,1
1122,1121,1
5871,1121,1
1130,1131,1
1130,5636,1
1130,5091,1
1131,5636,1
1131,5091,1
5636,5091,1
4628,5130,1
4628,1147,1
4628,1146,1
5130,1147,1
5130,1146,1
1147,1146,1
1150,1149,1
1150,7122,1
1150,3168,1
1149,7122,1
1149,3168,1
7122,3168,1
1157,1156,1
1157,4106,1
1157,4874,1
1156,4106,1
1156,4874,1
4106,4874,1
1159,1158,1
1159,5910,1
1159,5790,1
1158,5910,1
1158,5790,1
5910,5790,1
1171,1172,1
1171,4519,1
1172,4519,1
6830,1173,1
6830,2849,1
6830,1174,1
1173,2849,1
1173,1174,1
2849,1174,1
5248,3165,1
5248,1179,1
5248,1180,1
3165,1179,1
3165,1180,1
1179,1180,1
5145,7213,1
5145,1182,1
5145,1183,1
7213,1182,1
7213,1183,1
1182,1183,1
1185,1184,1
1185,2343,1
1185,5712,1
1184,2343,1
1184,5712,1
2343,5712,1
1985,1186,1
1985,6914,1
1985,1187,1
1186,6914,1
1186,1187,1
6914,1187,1
1190,6363,1
1190,1189,1
1190,2436,1
6363,1189,1
6363,2436,1
1189,2436,1
3902,5641,1
3902,1194,1
3902,1193,1
5641,1194,1
5641,1193,1
1194,1193,1
5083,5826,1
5083,1195,1
5083,1196,1
5826,1195,1
5826,1196,1
1195,1196,1
2423,5876,1
2423,1198,1
2423,1197,1
5876,1198,1
5876,1197,1
1198,1197,1
1203,1204,1
1203,4105,1
1203,3590,1
1204,4105,1
1204,3590,1
4105,3590,1
1206,1205,1
1206,5415,1
1205,5415,1
1207,1208,1
1207,6412,1
1207,1678,1
1208,6412,1
1208,1678,1
6412,1678,1
3489,1215,1
3489,5369,1
1215,5369,1
5859,4750,1
5859,1217,1
5859,1218,1
4750,1217,1
4750,1218,1
1217,1218,1
1221,1220,1
1221,5850,1
1221,3789,1
1220,5850,1
1220,3789,1
5850,3789,1
3207,1225,1
3207,1224,1
3207,6461,1
1225,1224,1
1225,6461,1
1224,6461,1
5296,3484,1
5296,1227,1
5296,1226,1
3484,1227,1
3484,1226,1
1227,1226,1
2135,3917,1
2135,1229,1
2135,1228,1
3917,1229,1
3917,1228,1
1229,1228,1
1232,1233,1
1232,4865,1
1232,3548,1
1233,4865,1
1233,3548,1
4865,3548,1
3221,1681,1
3221,1258,1
3221,1257,1
1681,1258,1
1681,1257,1
1258,1257,1
4827,5659,1
4827,1260,1
4827,1259,1
5659,1260,1
5659,1259,1
1260,1259,1
5418,5375,1
5418,1262,1
5418,1261,1
5375,1262,1
5375,1261,1
1262,1261,1
1265,1266,1
1265,1668,1
1265,3965,1
1266,1668,1
1266,3965,1
1668,3965,1
1268,1267,1
1268,6225,1
1268,7249,1
1267,6225,1
1267,7249,1
6225,7249,1
1270,1269,1
1270,2966,1
1270,4988,1
1269,2966,1
1269,4988,1
2966,4988,1
5047,1276,1
5047,1275,1
5047,2170,1
1276,1275,1
1276,2170,1
1275,2170,1
2322,1285,1
2322,1286,1
2322,2588,1
1285,1286,1
1285,2588,1
1286,2588,1
1290,1291,1
1290,7471,1
1290,7016,1
1291,7471,1
1291,7016,1
7471,7016,1
4570,1294,1
4627,1299,1
4627,1298,1
4627,2008,1
1299,1298,1
1299,2008,1
1298,2008,1
2307,1300,1
2307,1301,1
2307,1894,1
1300,1301,1
1300,1894,1
1301,1894,1
2581,4576,1
1313,4914,1
1313,1314,1
1313,5765,1
4914,1314,1
4914,5765,1
1314,5765,1
4344,1318,1
1320,3812,1
1320,7476,1
1320,1319,1
3812,7476,1
3812,1319,1
7476,1319,1
1321,1322,1
3555,1327,1
3555,1328,1
3555,1500,1
1327,1328,1
1327,1500,1
1328,1500,1
5552,1336,1
5552,7153,1
5552,1335,1
1336,7153,1
1336,1335,1
7153,1335,1
5098,1343,1
5098,1342,1
5098,2791,1
1343,1342,1
1343,2791,1
1342,2791,1
1348,4885,1
1348,1349,1
1348,3927,1
4885,1349,1
4885,3927,1
1349,3927,1
1359,2981,1
1359,5233,1
1359,1360,1
2981,5233,1
2981,1360,1
5233,1360,1
6469,6203,1
6469,1366,1
6469,1365,1
6203,1366,1
6203,1365,1
1366,1365,1
5452,1368,1
5452,1367,1
5452,3289,1
1368,1367,1
1368,3289,1
1367,3289,1
3223,1767,1
3223,1374,1
3223,1375,1
1767,1374,1
1767,1375,1
1374,1375,1
6931,3513,1
6931,1376,1
6931,1377,1
3513,1376,1
3513,1377,1
1376,1377,1
3964,1386,1
1388,1387,1
1388,6515,1
1388,6800,1
1387,6515,1
1387,6800,1
6515,6800,1
1392,2149,1
1392,7115,1
1392,1391,1
2149,7115,1
2149,1391,1
7115,1391,1
4782,5897,1
4782,1393,1
4782,1394,1
5897,1393,1
5897,1394,1
1393,1394,1
6402,1409,1
6402,1408,1
6402,1547,1
1409,1408,1
1409,1547,1
1408,1547,1
1411,1410,1
1411,6184,1
1411,5201,1
1410,6184,1
1410,5201,1
6184,5201,1
1412,1413,1
1412,7241,1
1412,2412,1
1413,7241,1
1413,2412,1
7241,2412,1
5266,1415,1
5266,1414,1
5266,3998,1
1415,1414,1
1415,3998,1
1414,3998,1
1430,2850,1
1430,1429,1
1430,3186,1
2850,1429,1
2850,3186,1
1429,3186,1
6419,1432,1
6419,3499,1
6419,1433,1
1432,3499,1
1432,1433,1
3499,1433,1
1934,4186,1
1934,1436,1
1934,1437,1
4186,1436,1
4186,1437,1
1436,1437,1
1441,5387,1
1441,1442,1
1441,6689,1
5387,1442,1
5387,6689,1
1442,6689,1
7278,1443,1
7278,1444,1
7278,5999,1
1443,1444,1
1443,5999,1
1444,5999,1
6993,1449,1
6993,1450,1
6993,6305,1
1449,1450,1
1449,6305,1
1450,6305,1
1749,3172,1
1749,1451,1
1749,1452,1
3172,1451,1
3172,1452,1
1451,1452,1
7315,4037,1
7315,1455,1
7315,1454,1
4037,1455,1
4037,1454,1
1455,1454,1
3285,3928,1
3285,1466,1
3285,1467,1
3928,1466,1
3928,1467,1
1466,1467,1
2763,6087,1
2763,1468,1
2763,1469,1
6087,1468,1
6087,1469,1
1468,1469,1
7381,3702,1
7381,1470,1
7381,1471,1
3702,1470,1
3702,1471,1
1470,1471,1
5840,1475,1
5840,4511,1
5840,1474,1
1475,4511,1
1475,1474,1
4511,1474,1
1479,1478,1
1479,1612,1
1479,2342,1
1478,1612,1
1478,2342,1
1612,2342,1
1487,1486,1
1487,3833,1
1487,1863,1
1486,3833,1
1486,1863,1
3833,1863,1
1897,1577,1
1897,1502,1
1897,1501,1
1577,1502,1
1577,1501,1
1502,1501,1
1504,4624,1
1504,5421,1
1504,1503,1
4624,5421,1
4624,1503,1
5421,1503,1
1509,1510,1
1509,1757,1
1509,5278,1
1510,1757,1
1510,5278,1
1757,5278,1
6708,1517,1
6708,1516,1
6708,3442,1
1517,1516,1
1517,3442,1
1516,3442,1
3117,6685,1
3117,1519,1
3117,1518,1
6685,1519,1
6685,1518,1
1519,1518,1
6519,1520,1
6519,1521,1
6519,3190,1
1520,1521,1
1520,3190,1
1521,3190,1
1524,2114,1
1524,1523,1
1524,6444,1
2114,1523,1
2114,6444,1
1523,6444,1
6153,1533,1
6153,1534,1
6153,6807,1
1533,1534,1
1533,6807,1
1534,6807,1
1544,6456,1
1544,6088,1
1544,1543,1
6456,6088,1
6456,1543,1
6088,1543,1
3415,6270,1
3415,1553,1
3415,1552,1
6270,1553,1
6270,1552,1
1553,1552,1
4234,1567,1
2288,1832,1
2288,1578,1
2288,1579,1
1832,1578,1
1832,1579,1
1578,1579,1
1589,1588,1
1589,6682,1
1589,5232,1
1588,6682,1
1588,5232,1
6682,5232,1
1596,1595,1
1596,5686,1
1596,3586,1
1595,5686,1
1595,3586,1
5686,3586,1
7260,1625,1
7260,1626,1
7260,4057,1
1625,1626,1
1625,4057,1
1626,4057,1
4355,1629,1
4355,1630,1
4355,7018,1
1629,1630,1
1629,7018,1
1630,7018,1
1631,5807,1
1631,1632,1
1631,7375,1
5807,1632,1
5807,7375,1
1632,7375,1
1633,1634,1
1633,2807,1
1633,4600,1
1634,2807,1
1634,4600,1
2807,4600,1
1646,1944,1
2985,5101,1
2985,1653,1
2985,1652,1
5101,1653,1
5101,1652,1
1653,1652,1
6875,6862,1
6875,1655,1
6875,1654,1
6862,1655,1
6862,1654,1
1655,1654,1
1665,1666,1
1665,2820,1
1665,5733,1
1666,2820,1
1666,5733,1
2820,5733,1
1671,6077,1
1671,3905,1
1671,1672,1
6077,3905,1
6077,1672,1
3905,1672,1
1680,3972,1
1680,4046,1
1680,1679,1
3972,4046,1
3972,1679,1
4046,1679,1
5829,1688,1
5829,1689,1
5829,3671,1
1688,1689,1
1688,3671,1
1689,3671,1
6008,3511,1
6008,1690,1
6008,1691,1
3511,1690,1
3511,1691,1
1690,1691,1
2132,1696,1
2132,1695,1
2132,4821,1
1696,1695,1
1696,4821,1
1695,4821,1
7314,1706,1
3206,6927,1
3206,1708,1
3206,1707,1
6927,1708,1
6927,1707,1
1708,1707,1
1719,6881,1
1719,6338,1
1719,1720,1
6881,6338,1
6881,1720,1
6338,1720,1
4351,3594,1
4351,1722,1
4351,1721,1
3594,1722,1
3594,1721,1
1722,1721,1
3389,1726,1
3389,1725,1
3389,5292,1
1726,1725,1
1726,5292,1
1725,5292,1
1728,5131,1
1728,5499,1
1728,1727,1
5131,5499,1
5131,1727,1
5499,1727,1
1729,1730,1
1729,6163,1
1729,6245,1
1730,6163,1
1730,6245,1
6163,6245,1
4337,7174,1
5212,5799,1
1750,1751,1
1750,5577,1
1750,2860,1
1751,5577,1
1751,2860,1
5577,2860,1
3717,2331,1
3717,1774,1
3717,1773,1
2331,1774,1
2331,1773,1
1774,1773,1
5901,1790,1
5901,1791,1
5901,2063,1
1790,1791,1
1790,2063,1
1791,2063,1
6119,7388,1
6119,1792,1
6119,1793,1
7388,1792,1
7388,1793,1
1792,1793,1
6913,2628,1
6913,1797,1
6913,1798,1
2628,1797,1
2628,1798,1
1797,1798,1
1810,5800,1
1810,1811,1
5800,1811,1
4981,1815,1
4981,4834,1
4981,1814,1
1815,4834,1
1815,1814,1
4834,1814,1
1817,1816,1
1817,2969,1
1817,3170,1
1816,2969,1
1816,3170,1
2969,3170,1
2510,1828,1
2510,1829,1
2510,3862,1
1828,1829,1
1828,3862,1
1829,3862,1
1836,5741,1
1836,1835,1
1836,5126,1
5741,1835,1
5741,5126,1
1835,5126,1
1837,1838,1
1837,3439,1
1837,2173,1
1838,3439,1
1838,2173,1
3439,2173,1
3050,6630,1
3050,1841,1
3050,1840,1
6630,1841,1
6630,1840,1
1841,1840,1
2081,1847,1
2081,1846,1
2081,2424,1
1847,1846,1
1847,2424,1
1846,2424,1
7488,1851,1
7488,1852,1
7488,6316,1
1851,1852,1
1851,6316,1
1852,6316,1
1855,1856,1
1855,2169,1
1855,2031,1
1856,2169,1
1856,2031,1
2169,2031,1
5182,1858,1
5182,6002,1
5182,1857,1
1858,6002,1
1858,1857,1
6002,1857,1
4520,4925,1
4520,1859,1
4520,1860,1
4925,1859,1
4925,1860,1
1859,1860,1
7261,3538,1
7261,3539,1
7261,1869,1
3538,3539,1
3538,1869,1
3539,1869,1
5021,1870,1
5021,1871,1
5021,1874,1
1870,1871,1
1870,1874,1
1871,1874,1
3866,1873,1
3866,5668,1
3866,1872,1
1873,5668,1
1873,1872,1
5668,1872,1
3049,6168,1
3049,1877,1
3049,1876,1
6168,1877,1
6168,1876,1
1877,1876,1
1879,1878,1
1879,7175,1
1879,7417,1
1878,7175,1
1878,7417,1
7175,7417,1
1882,6281,1
1882,1881,1
1882,4342,1
6281,1881,1
6281,4342,1
1881,4342,1
6641,3436,1
6641,1886,1
6641,1887,1
3436,1886,1
3436,1887,1
1886,1887,1
4117,1903,1
4117,1904,1
4117,7386,1
1903,1904,1
1903,7386,1
1904,7386,1
3850,1905,1
3850,2177,1
3850,1906,1
1905,2177,1
1905,1906,1
2177,1906,1
2374,3404,1
2374,1911,1
2374,1910,1
3404,1911,1
3404,1910,1
1911,1910,1
6710,1915,1
6710,1914,1
6710,4980,1
1915,1914,1
1915,4980,1
1914,4980,1
3868,1917,1
3868,1916,1
3868,3395,1
1917,1916,1
1917,3395,1
1916,3395,1
4194,1921,1
4194,1920,1
4194,5924,1
1921,1920,1
1921,5924,1
1920,5924,1
6977,1922,1
6977,1923,1
6977,4471,1
1922,1923,1
1922,4471,1
1923,4471,1
1936,1935,1
1936,4790,1
1936,7206,1
1935,4790,1
1935,7206,1
4790,7206,1
2865,1946,1
2865,6698,1
2865,1945,1
1946,6698,1
1946,1945,1
6698,1945,1
5409,5516,1
5409,1963,1
5409,1962,1
5516,1963,1
5516,1962,1
1963,1962,1
1965,6137,1
1965,6702,1
1965,1964,1
6137,6702,1
6137,1964,1
6702,1964,1
4797,1969,1
4797,1970,1
4797,4056,1
1969,1970,1
1969,4056,1
1970,4056,1
1981,1982,1
6229,1984,1
6229,6811,1
6229,1983,1
1984,6811,1
1984,1983,1
6811,1983,1
1987,5676,1
1987,1988,1
1987,7220,1
5676,1988,1
5676,7220,1
1988,7220,1
2380,1993,1
2380,4311,1
2380,1992,1
1993,4311,1
1993,1992,1
4311,1992,1
4621,6387,1
4621,1998,1
4621,1997,1
6387,1998,1
6387,1997,1
1998,1997,1
4402,2004,1
4402,2005,1
4402,6540,1
2004,2005,1
2004,6540,1
2005,6540,1
4350,2011,1
4350,6766,1
4350,2012,1
2011,6766,1
2011,2012,1
6766,2012,1
2323,4868,1
2323,2014,1
2323,2015,1
4868,2014,1
4868,2015,1
2014,2015,1
6192,7247,1
5556,2029,1
5556,3230,1
5556,2030,1
2029,3230,1
2029,2030,1
3230,2030,1
2040,2041,1
2040,2715,1
2041,2715,1
2045,7299,1
3718,2746,1
3718,2046,1
3718,2047,1
2746,2046,1
2746,2047,1
2046,2047,1
2065,2066,1
2065,5833,1
2065,6751,1
2066,5833,1
2066,6751,1
5833,6751,1
2080,6843,1
2080,6831,1
2080,2079,1
6843,6831,1
6843,2079,1
6831,2079,1
3751,2812,1
3751,2091,1
3751,2092,1
2812,2091,1
2812,2092,1
2091,2092,1
6053,5329,1
6053,2094,1
6053,2093,1
5329,2094,1
5329,2093,1
2094,2093,1
7030,2101,1
7030,2100,1
7030,3835,1
2101,2100,1
2101,3835,1
2100,3835,1
952,953,1
7412,2105,1
7412,2104,1
7412,6937,1
2105,2104,1
2105,6937,1
2104,6937,1
4198,6648,1
4198,2109,1
4198,2108,1
6648,2109,1
6648,2108,1
2109,2108,1
4953,2111,1
4953,2670,1
4953,2110,1
2111,2670,1
2111,2110,1
2670,2110,1
2117,2386,1
2117,2471,1
2386,2471,1
7342,7477,1
7342,2122,1
7342,2123,1
7477,2122,1
7477,2123,1
2122,2123,1
5501,5507,1
5501,2129,1
5501,2128,1
5507,2129,1
5507,2128,1
2129,2128,1
2473,2133,1
2473,2134,1
2473,5927,1
2133,2134,1
2133,5927,1
2134,5927,1
2234,5831,1
2234,2139,1
2234,2138,1
5831,2139,1
5831,2138,1
2139,2138,1
3989,2141,1
3989,2140,1
3989,6007,1
2141,2140,1
2141,6007,1
2140,6007,1
2144,2143,1
2144,5942,1
2144,6327,1
2143,5942,1
2143,6327,1
5942,6327,1
2148,2147,1
2148,5092,1
2147,5092,1
3660,2156,1
3660,4700,1
3660,2155,1
2156,4700,1
2156,2155,1
4700,2155,1
7535,2164,1
7535,2163,1
7535,5380,1
2164,2163,1
2164,5380,1
2163,5380,1
2167,5605,1
2167,4791,1
2167,2168,1
5605,4791,1
5605,2168,1
4791,2168,1
2175,2176,1
2175,5610,1
2175,3274,1
2176,5610,1
2176,3274,1
5610,3274,1
4788,4231,1
4788,2187,1
4788,2188,1
4231,2187,1
4231,2188,1
2187,2188,1
5978,5695,1
5978,2193,1
5978,2194,1
5695,2193,1
5695,2194,1
2193,2194,1
2224,2225,1
2224,4734,1
2224,5127,1
2225,4734,1
2225,5127,1
4734,5127,1
6300,2226,1
6300,2227,1
6300,4531,1
2226,2227,1
2226,4531,1
2227,4531,1
7170,2242,1
7170,2243,1
7170,2460,1
2242,2243,1
2242,2460,1
2243,2460,1
4279,2256,1
4279,2257,1
4279,5310,1
2256,2257,1
2256,5310,1
2257,5310,1
6050,2260,1
6050,2261,1
6050,3396,1
2260,2261,1
2260,3396,1
2261,3396,1
3919,4408,1
3919,2262,1
3919,2263,1
4408,2262,1
4408,2263,1
2262,2263,1
2869,2268,1
2869,5928,1
2869,2267,1
2268,5928,1
2268,2267,1
5928,2267,1
6675,5269,1
6675,2269,1
6675,2270,1
5269,2269,1
5269,2270,1
2269,2270,1
4647,6493,1
4647,2274,1
4647,2273,1
6493,2274,1
6493,2273,1
2274,2273,1
7069,4751,1
7069,2276,1
7069,2275,1
4751,2276,1
4751,2275,1
2276,2275,1
2284,2283,1
2284,4101,1
2284,5654,1
2283,4101,1
2283,5654,1
4101,5654,1
2294,2293,1
2294,5294,1
2294,4618,1
2293,5294,1
2293,4618,1
5294,4618,1
7472,3008,1
7472,2296,1
7472,2297,1
3008,2296,1
3008,2297,1
2296,2297,1
2298,3971,1
2298,2299,1
2298,3836,1
3971,2299,1
3971,3836,1
2299,3836,1
2305,2306,1
2305,2371,1
2305,2511,1
2306,2371,1
2306,2511,1
2371,2511,1
2311,4285,1
2311,2312,1
2311,6489,1
4285,2312,1
4285,6489,1
2312,6489,1
2314,4072,1
2314,3091,1
2314,2313,1
4072,3091,1
4072,2313,1
3091,2313,1
3129,2315,1
3129,2316,1
3129,3959,1
2315,2316,1
2315,3959,1
2316,3959,1
3887,2325,1
3887,2324,1
3887,6051,1
2325,2324,1
2325,6051,1
2324,6051,1
7070,2327,1
7070,2326,1
7070,2923,1
2327,2326,1
2327,2923,1
2326,2923,1
5508,2329,1
5508,2328,1
5508,6939,1
2329,2328,1
2329,6939,1
2328,6939,1
2340,2341,1
2340,3376,1
2340,4581,1
2341,3376,1
2341,4581,1
3376,4581,1
2344,2345,1
2344,5062,1
2344,2619,1
2345,5062,1
2345,2619,1
5062,2619,1
5439,2361,1
5439,2360,1
5439,3141,1
2361,2360,1
2361,3141,1
2360,3141,1
6806,2365,1
6806,2366,1
6806,6335,1
2365,2366,1
2365,6335,1
2366,6335,1
2372,2373,1
2372,7507,1
2372,2926,1
2373,7507,1
2373,2926,1
7507,2926,1
2382,2878,1
2382,2381,1
2382,6903,1
2878,2381,1
2878,6903,1
2381,6903,1
2384,2383,1
2384,7168,1
2384,4936,1
2383,7168,1
2383,4936,1
7168,4936,1
2390,2389,1
2390,5573,1
2390,6936,1
2389,5573,1
2389,6936,1
5573,6936,1
2391,7456,1
2391,6699,1
2391,2392,1
7456,6699,1
7456,2392,1
6699,2392,1
2405,4960,1
2405,2406,1
2405,4066,1
4960,2406,1
4960,4066,1
2406,4066,1
3394,7508,1
3394,2421,1
3394,2422,1
7508,2421,1
7508,2422,1
2421,2422,1
7176,4069,1
7176,2433,1
7176,2432,1
4069,2433,1
4069,2432,1
2433,2432,1
5653,7061,1
5653,2438,1
5653,2437,1
7061,2438,1
7061,2437,1
2438,2437,1
2440,4540,1
2440,2439,1
2440,5383,1
4540,2439,1
4540,5383,1
2439,5383,1
2442,2443,1
2442,4702,1
2442,5823,1
2443,4702,1
2443,5823,1
4702,5823,1
2445,4991,1
2448,2449,1
2448,5813,1
2448,5519,1
2449,5813,1
2449,5519,1
5813,5519,1
2450,5074,1
2450,2451,1
2450,6717,1
5074,2451,1
5074,6717,1
2451,6717,1
2454,2455,1
2454,6219,1
2454,3407,1
2455,6219,1
2455,3407,1
6219,3407,1
2458,2459,1
2458,6553,1
2458,4047,1
2459,6553,1
2459,4047,1
6553,4047,1
2475,2474,1
2475,3175,1
2475,5427,1
2474,3175,1
2474,5427,1
3175,5427,1
2478,2479,1
2478,3640,1
2479,3640,1
4800,6748,1
4800,2484,1
4800,2485,1
6748,2484,1
6748,2485,1
2484,2485,1
7443,2486,1
7443,3155,1
7443,2487,1
2486,3155,1
2486,2487,1
3155,2487,1
4210,2492,1
2495,5168,1
2495,2496,1
2495,5566,1
5168,2496,1
5168,5566,1
2496,5566,1
2762,7515,1
2762,2498,1
2762,2497,1
7515,2498,1
7515,2497,1
2498,2497,1
6776,2513,1
2642,2520,1
2642,2519,1
2642,6735,1
2520,2519,1
2520,6735,1
2519,6735,1
3505,2530,1
3505,2531,1
3505,5244,1
2530,2531,1
2530,5244,1
2531,5244,1
2792,2552,1
2792,2553,1
2792,5073,1
2552,2553,1
2552,5073,1
2553,5073,1
2564,7245,1
2564,2565,1
2564,3467,1
7245,2565,1
7245,3467,1
2565,3467,1
3918,2574,1
3918,2575,1
3918,4170,1
2574,2575,1
2574,4170,1
2575,4170,1
6309,2582,1
6309,6423,1
6309,2583,1
2582,6423,1
2582,2583,1
6423,2583,1
2585,5517,1
2585,2586,1
2585,7204,1
5517,2586,1
5517,7204,1
2586,7204,1
5841,6997,1
5841,2589,1
5841,2590,1
6997,2589,1
6997,2590,1
2589,2590,1
7194,2592,1
7194,2593,1
7194,5279,1
2592,2593,1
2592,5279,1
2593,5279,1
2596,2597,1
2596,6014,1
2596,7218,1
2597,6014,1
2597,7218,1
6014,7218,1
2598,2599,1
2598,3540,1
2598,7291,1
2599,3540,1
2599,7291,1
3540,7291,1
6860,5069,1
4933,2618,1
4933,2617,1
4933,6384,1
2618,2617,1
2618,6384,1
2617,6384,1
4236,4042,1
4236,2635,1
4236,2636,1
4042,2635,1
4042,2636,1
2635,2636,1
2640,6101,1
2640,5194,1
2640,2639,1
6101,5194,1
6101,2639,1
5194,2639,1
6721,5487,1
6721,2645,1
6721,2646,1
5487,2645,1
5487,2646,1
2645,2646,1
2656,2657,1
2656,4374,1
2656,7221,1
2657,4374,1
2657,7221,1
4374,7221,1
2821,2665,1
2821,7097,1
2821,2666,1
2665,7097,1
2665,2666,1
7097,2666,1
3475,2668,1
3475,6355,1
3475,2669,1
2668,6355,1
2668,2669,1
6355,2669,1
2674,6965,1
2674,3301,1
2674,2673,1
6965,3301,1
6965,2673,1
3301,2673,1
2675,7449,1
2675,6673,1
2675,2676,1
7449,6673,1
7449,2676,1
6673,2676,1
4766,2686,1
4766,7369,1
4766,2685,1
2686,7369,1
2686,2685,1
7369,2685,1
2692,6974,1
2692,4773,1
2692,2691,1
6974,4773,1
6974,2691,1
4773,2691,1
2702,6339,1
2702,2703,1
6339,2703,1
2706,2707,1
2706,6549,1
2706,2794,1
2707,6549,1
2707,2794,1
6549,2794,1
6164,2709,1
6164,2710,1
6164,7505,1
2709,2710,1
2709,7505,1
2710,7505,1
3371,3351,1
3371,2721,1
3371,2720,1
3351,2721,1
3351,2720,1
2721,2720,1
2735,4945,1
2735,5355,1
2735,2736,1
4945,5355,1
4945,2736,1
5355,2736,1
4944,2744,1
4944,6795,1
4944,2743,1
2744,6795,1
2744,2743,1
6795,2743,1
4435,6741,1
4435,2753,1
4435,2754,1
6741,2753,1
6741,2754,1
2753,2754,1
6645,2756,1
6645,5564,1
2756,5564,1
4886,5522,1
4886,2759,1
4886,2758,1
5522,2759,1
5522,2758,1
2759,2758,1
2761,2760,1
2761,5631,1
2761,3875,1
2760,5631,1
2760,3875,1
5631,3875,1
5505,2770,1
5505,2771,1
5505,6488,1
2770,2771,1
2770,6488,1
2771,6488,1
2776,7066,1
2776,4457,1
2776,2775,1
7066,4457,1
7066,2775,1
4457,2775,1
2780,2781,1
2780,7350,1
2780,6127,1
2781,7350,1
2781,6127,1
7350,6127,1
5230,2782,1
5230,2783,1
5230,4587,1
2782,2783,1
2782,4587,1
2783,4587,1
6178,6114,1
6178,2785,1
6178,2784,1
6114,2785,1
6114,2784,1
2785,2784,1
7243,3322,1
7243,2790,1
7243,2789,1
3322,2790,1
3322,2789,1
2790,2789,1
2795,5736,1
2795,6674,1
2795,2796,1
5736,6674,1
5736,2796,1
6674,2796,1
2810,2811,1
2810,6115,1
2810,2857,1
2811,6115,1
2811,2857,1
6115,2857,1
7108,2822,1
7108,2823,1
7108,5724,1
2822,2823,1
2822,5724,1
2823,5724,1
5224,2845,1
5224,2844,1
5224,6504,1
2845,2844,1
2845,6504,1
2844,6504,1
2864,6981,1
2864,3311,1
2864,2863,1
6981,3311,1
6981,2863,1
3311,2863,1
2871,2870,1
2871,7059,1
2871,6921,1
2870,7059,1
2870,6921,1
7059,6921,1
5089,4443,1
5089,2876,1
5089,2877,1
4443,2876,1
4443,2877,1
2876,2877,1
2880,2881,1
2880,5180,1
2880,3938,1
2881,5180,1
2881,3938,1
5180,3938,1
4707,2884,1
4707,2885,1
4707,3831,1
2884,2885,1
2884,3831,1
2885,3831,1
4781,2887,1
4781,5603,1
4781,2888,1
2887,5603,1
2887,2888,1
5603,2888,1
2891,2892,1
2891,7212,1
2891,5325,1
2892,7212,1
2892,5325,1
7212,5325,1
6856,2898,1
6856,2897,1
6856,4430,1
2898,2897,1
2898,4430,1
2897,4430,1
2899,2900,1
2899,4858,1
2899,3967,1
2900,4858,1
2900,3967,1
4858,3967,1
2906,2905,1
2906,5548,1
2906,7073,1
2905,5548,1
2905,7073,1
5548,7073,1
5945,2907,1
5945,4632,1
5945,2908,1
2907,4632,1
2907,2908,1
4632,2908,1
3669,3014,1
3669,2909,1
3669,2910,1
3014,2909,1
3014,2910,1
2909,2910,1
4270,2916,1
4270,2917,1
4270,3171,1
2916,2917,1
2916,3171,1
2917,3171,1
7125,2935,1
7125,2936,1
7125,6046,1
2935,2936,1
2935,6046,1
2936,6046,1
7296,3725,1
7296,2943,1
7296,2942,1
3725,2943,1
3725,2942,1
2943,2942,1
7010,2952,1
7010,3896,1
7010,2953,1
2952,3896,1
2952,2953,1
3896,2953,1
6604,2968,1
6604,2967,1
6604,5821,1
2968,2967,1
2968,5821,1
2967,5821,1
2988,5912,1
2988,2987,1
2988,7233,1
5912,2987,1
5912,7233,1
2987,7233,1
3000,5759,1
3000,3412,1
3000,2999,1
5759,3412,1
5759,2999,1
3412,2999,1
3004,3003,1
3004,6094,1
3004,5352,1
3003,6094,1
3003,5352,1
6094,5352,1
3005,3006,1
3005,5822,1
3005,7222,1
3006,5822,1
3006,7222,1
5822,7222,1
3024,5365,1
3024,7230,1
3024,3023,1
5365,7230,1
5365,3023,1
7230,3023,1
5099,6395,1
5099,3028,1
5099,3029,1
6395,3028,1
6395,3029,1
3028,3029,1
4601,3381,1
4601,3030,1
4601,3031,1
3381,3030,1
3381,3031,1
3030,3031,1
3106,4089,1
3106,3045,1
3106,3044,1
4089,3045,1
4089,3044,1
3045,3044,1
4704,4935,1
4704,3060,1
4704,3061,1
4935,3060,1
4935,3061,1
3060,3061,1
7195,3069,1
7195,3662,1
7195,3070,1
3069,3662,1
3069,3070,1
3662,3070,1
5364,3074,1
5364,3075,1
5364,6712,1
3074,3075,1
3074,6712,1
3075,6712,1
3076,3077,1
3076,7112,1
3076,6425,1
3077,7112,1
3077,6425,1
7112,6425,1
3103,6029,1
4711,4476,1
4711,3104,1
4711,3105,1
4476,3104,1
4476,3105,1
3104,3105,1
3884,3112,1
3884,7366,1
3884,3111,1
3112,7366,1
3112,3111,1
7366,3111,1
7426,3572,1
7426,3113,1
7426,3114,1
3572,3113,1
3572,3114,1
3113,3114,1
6337,6485,1
6337,3118,1
6337,3119,1
6485,3118,1
6485,3119,1
3118,3119,1
3973,6323,1
3973,3123,1
3973,3122,1
6323,3123,1
6323,3122,1
3123,3122,1
3150,3151,1
3150,5747,1
3150,6941,1
3151,5747,1
3151,6941,1
5747,6941,1
3152,3153,1
3152,5453,1
3152,4941,1
3153,5453,1
3153,4941,1
5453,4941,1
3160,3159,1
3160,6044,1
3160,6551,1
3159,6044,1
3159,6551,1
6044,6551,1
3164,6147,1
3164,3163,1
3164,5959,1
6147,3163,1
6147,5959,1
3163,5959,1
3167,3166,1
3167,4272,1
3167,5142,1
3166,4272,1
3166,5142,1
4272,5142,1
3179,5164,1
3179,3180,1
3179,5055,1
5164,3180,1
5164,5055,1
3180,5055,1
3182,3183,1
3182,7095,1
3182,3768,1
3183,7095,1
3183,3768,1
7095,3768,1
3457,3189,1
3457,3188,1
3457,6232,1
3189,3188,1
3189,6232,1
3188,6232,1
3402,3205,1
3402,3204,1
3402,6110,1
3205,3204,1
3205,6110,1
3204,6110,1
3224,3225,1
3234,3233,1
3234,6266,1
3234,5235,1
3233,6266,1
3233,5235,1
6266,5235,1
6131,6963,1
6131,3241,1
6131,3240,1
6963,3241,1
6963,3240,1
3241,3240,1
5948,4639,1
5948,3246,1
5948,3245,1
4639,3246,1
4639,3245,1
3246,3245,1
5537,3256,1
5537,3257,1
5537,5037,1
3256,3257,1
3256,5037,1
3257,5037,1
3265,3264,1
3265,4876,1
3264,4876,1
3268,3267,1
3268,6943,1
3268,5046,1
3267,6943,1
3267,5046,1
6943,5046,1
5506,3287,1
5506,3288,1
5506,3856,1
3287,3288,1
3287,3856,1
3288,3856,1
3337,3292,1
3337,7187,1
3337,3291,1
3292,7187,1
3292,3291,1
7187,3291,1
7024,3300,1
7024,3299,1
7024,4649,1
3300,3299,1
3300,4649,1
3299,4649,1
3305,6930,1
3305,3304,1
6930,3304,1
6448,5526,1
6448,3309,1
6448,3308,1
5526,3309,1
5526,3308,1
3309,3308,1
3312,5913,1
3312,3313,1
3312,6353,1
5913,3313,1
5913,6353,1
3313,6353,1
3324,4040,1
3324,3323,1
3324,5579,1
4040,3323,1
4040,5579,1
3323,5579,1
3336,5331,1
3336,3335,1
3336,6507,1
5331,3335,1
5331,6507,1
3335,6507,1
5344,3347,1
5344,3346,1
5344,6592,1
3347,3346,1
3347,6592,1
3346,6592,1
3368,3369,1
3368,7180,1
3368,6878,1
3369,7180,1
3369,6878,1
7180,6878,1
3374,3375,1
3374,6391,1
3374,5109,1
3375,6391,1
3375,5109,1
6391,5109,1
4002,3379,1
4002,3378,1
4002,6869,1
3379,3378,1
3379,6869,1
3378,6869,1
3385,3384,1
3385,3851,1
3385,7356,1
3384,3851,1
3384,7356,1
3851,7356,1
4560,6097,1
4560,3400,1
4560,3401,1
6097,3400,1
6097,3401,1
3400,3401,1
6730,3409,1
6730,5889,1
6730,3408,1
3409,5889,1
3409,3408,1
5889,3408,1
3649,3410,1
3649,3411,1
3649,5958,1
3410,3411,1
3410,5958,1
3411,5958,1
3416,5992,1
3416,3417,1
3416,4253,1
5992,3417,1
5992,4253,1
3417,4253,1
3422,3421,1
3422,5701,1
3422,7110,1
3421,5701,1
3421,7110,1
5701,7110,1
3136,3428,1
4710,7392,1
4710,3444,1
4710,3443,1
7392,3444,1
7392,3443,1
3444,3443,1
4689,6134,1
4689,3445,1
4689,3446,1
6134,3445,1
6134,3446,1
3445,3446,1
3449,6437,1
3449,3448,1
3449,6042,1
6437,3448,1
6437,6042,1
3448,6042,1
6677,3461,1
6677,3460,1
6677,4485,1
3461,3460,1
3461,4485,1
3460,4485,1
7519,3463,1
7519,5671,1
7519,3464,1
3463,5671,1
3463,3464,1
5671,3464,1
3472,3471,1
3472,5320,1
3472,3769,1
3471,5320,1
3471,3769,1
5320,3769,1
3476,3477,1
3476,5040,1
3476,7039,1
3477,5040,1
3477,7039,1
5040,7039,1
6484,6394,1
6484,3482,1
6484,3483,1
6394,3482,1
6394,3483,1
3482,3483,1
6433,3493,1
6433,3494,1
6433,4223,1
3493,3494,1
3493,4223,1
3494,4223,1
5694,7164,1
5694,3501,1
5694,3502,1
7164,3501,1
7164,3502,1
3501,3502,1
4857,3517,1
4857,3518,1
3517,3518,1
7409,3524,1
7409,3525,1
3524,3525,1
6805,6508,1
6805,3529,1
6805,3528,1
6508,3529,1
6508,3528,1
3529,3528,1
7529,3532,1
7529,3531,1
3532,3531,1
3542,3541,1
3542,5811,1
3542,6479,1
3541,5811,1
3541,6479,1
5811,6479,1
5739,6123,1
5739,3544,1
5739,3545,1
6123,3544,1
6123,3545,1
3544,3545,1
3557,3556,1
3557,3741,1
3557,3806,1
3556,3741,1
3556,3806,1
3741,3806,1
6450,7334,1
6450,3561,1
6450,3562,1
7334,3561,1
7334,3562,1
3561,3562,1
5451,7320,1
5451,3582,1
5451,3583,1
7320,3582,1
7320,3583,1
3582,3583,1
3584,4881,1
3584,3585,1
3584,5665,1
4881,3585,1
4881,5665,1
3585,5665,1
6150,3588,1
6150,4058,1
6150,3587,1
3588,4058,1
3588,3587,1
4058,3587,1
3598,4373,1
3612,4489,1
3612,3611,1
3612,4322,1
4489,3611,1
4489,4322,1
3611,4322,1
4725,4775,1
4725,3616,1
4725,3617,1
4775,3616,1
4775,3617,1
3616,3617,1
5381,3627,1
5381,3628,1
3627,3628,1
4333,4747,1
4333,3638,1
4333,3637,1
4747,3638,1
4747,3637,1
3638,3637,1
7102,3644,1
7102,3643,1
7102,7408,1
3644,3643,1
3644,7408,1
3643,7408,1
5810,5240,1
5810,3651,1
5810,3652,1
5240,3651,1
5240,3652,1
3651,3652,1
3658,3659,1
3658,7288,1
3658,4276,1
3659,7288,1
3659,4276,1
7288,4276,1
3674,7319,1
3674,3665,1
3674,3666,1
7319,3665,1
7319,3666,1
3665,3666,1
3673,3672,1
3673,3698,1
3673,6460,1
3672,3698,1
3672,6460,1
3698,6460,1
3675,6065,1
3675,3676,1
3675,6293,1
6065,3676,1
6065,6293,1
3676,6293,1
3679,6882,1
3679,5205,1
3679,3680,1
6882,5205,1
6882,3680,1
5205,3680,1
5864,3689,1
5864,3690,1
5864,6220,1
3689,3690,1
3689,6220,1
3690,6220,1
3691,5133,1
3691,3692,1
3691,6032,1
5133,3692,1
5133,6032,1
3692,6032,1
3707,5270,1
3707,3708,1
3707,4638,1
5270,3708,1
5270,4638,1
3708,4638,1
5554,4721,1
5554,3713,1
5554,3714,1
4721,3713,1
4721,3714,1
3713,3714,1
4589,3724,1
4589,6746,1
4589,3723,1
3724,6746,1
3724,3723,1
6746,3723,1
3733,3734,1
3733,4451,1
3733,6346,1
3734,4451,1
3734,6346,1
4451,6346,1
7435,3735,1
7435,3736,1
7435,6173,1
3735,3736,1
3735,6173,1
3736,6173,1
4504,4659,1
4504,3738,1
4504,3739,1
4659,3738,1
4659,3739,1
3738,3739,1
4000,5462,1
4000,3742,1
4000,3743,1
5462,3742,1
5462,3743,1
3742,3743,1
3744,3745,1
3744,5628,1
3744,7517,1
3745,5628,1
3745,7517,1
5628,7517,1
3749,3748,1
3749,5227,1
3749,5584,1
3748,5227,1
3748,5584,1
5227,5584,1
6593,3753,1
6593,3752,1
3753,3752,1
4128,3759,1
4128,3758,1
4128,7309,1
3759,3758,1
3759,7309,1
3758,7309,1
4799,3764,1
4799,3765,1
4799,5699,1
3764,3765,1
3764,5699,1
3765,5699,1
4121,3774,1
6619,3781,1
6619,3780,1
6619,4229,1
3781,3780,1
3781,4229,1
3780,4229,1
4315,3785,1
4315,3784,1
4315,6341,1
3785,3784,1
3785,6341,1
3784,6341,1
5252,5467,1
5252,3787,1
5252,3788,1
5467,3787,1
5467,3788,1
3787,3788,1
4642,7444,1
4642,3802,1
7444,3802,1
4706,3804,1
4706,3805,1
4706,5649,1
3804,3805,1
3804,5649,1
3805,5649,1
7109,3815,1
7109,3816,1
7109,4506,1
3815,3816,1
3815,4506,1
3816,4506,1
5034,7436,1
5034,3819,1
5034,3820,1
7436,3819,1
7436,3820,1
3819,3820,1
3824,5513,1
3824,6317,1
3824,3823,1
5513,6317,1
5513,3823,1
6317,3823,1
7025,3843,1
7467,3847,1
5646,3865,1
5646,3864,1
5646,6167,1
3865,3864,1
3865,6167,1
3864,6167,1
3873,6290,1
3873,3874,1
3873,6237,1
6290,3874,1
6290,6237,1
3874,6237,1
3880,3881,1
3880,4818,1
3880,4686,1
3881,4818,1
3881,4686,1
4818,4686,1
5065,3891,1
5065,3890,1
5065,4246,1
3891,3890,1
3891,4246,1
3890,4246,1
6144,6655,1
6144,3899,1
6144,3898,1
6655,3899,1
6655,3898,1
3899,3898,1
5419,5529,1
5419,3925,1
5419,3924,1
5529,3925,1
5529,3924,1
3925,3924,1
3930,3929,1
3930,6132,1
3930,7002,1
3929,6132,1
3929,7002,1
6132,7002,1
7531,3950,1
7531,3951,1
7531,6615,1
3950,3951,1
3950,6615,1
3951,6615,1
4965,3974,1
4965,5206,1
4965,3975,1
3974,5206,1
3974,3975,1
5206,3975,1
6691,4727,1
6691,3977,1
6691,3976,1
4727,3977,1
4727,3976,1
3977,3976,1
3978,3979,1
3978,7003,1
3978,4959,1
3979,7003,1
3979,4959,1
7003,4959,1
6020,3984,1
6020,3985,1
6020,7371,1
3984,3985,1
3984,7371,1
3985,7371,1
5737,6107,1
5737,3994,1
5737,3995,1
6107,3994,1
6107,3995,1
3994,3995,1
4610,3996,1
4610,3997,1
4610,6835,1
3996,3997,1
3996,6835,1
3997,6835,1
4007,4006,1
4007,5619,1
4007,4209,1
4006,5619,1
4006,4209,1
5619,4209,1
5673,4012,1
5673,4011,1
5673,4716,1
4012,4011,1
4012,4716,1
4011,4716,1
4018,4019,1
4018,5883,1
4018,7043,1
4019,5883,1
4019,7043,1
5883,7043,1
4034,4033,1
4034,5766,1
4034,6916,1
4033,5766,1
4033,6916,1
5766,6916,1
4048,4049,1
4048,5324,1
4048,5399,1
4049,5324,1
4049,5399,1
5324,5399,1
4050,4051,1
4050,6819,1
4050,6068,1
4051,6819,1
4051,6068,1
6819,6068,1
7532,5547,1
7532,4062,1
7532,4063,1
5547,4062,1
5547,4063,1
4062,4063,1
6195,4071,1
6195,4070,1
6195,4475,1
4071,4070,1
4071,4475,1
4070,4475,1
4073,4937,1
4073,4074,1
4073,5805,1
4937,4074,1
4937,5805,1
4074,5805,1
4083,4084,1
4083,6656,1
4083,6726,1
4084,6656,1
4084,6726,1
6656,6726,1
6082,4662,1
6082,4090,1
6082,4091,1
4662,4090,1
4662,4091,1
4090,4091,1
4282,4099,1
4282,4100,1
4282,7512,1
4099,4100,1
4099,7512,1
4100,7512,1
6130,5032,1
6130,4107,1
6130,4108,1
5032,4107,1
5032,4108,1
4107,4108,1
5929,6688,1
5929,4111,1
5929,4110,1
6688,4111,1
6688,4110,1
4111,4110,1
4115,4116,1
4115,5084,1
4115,5143,1
4116,5084,1
4116,5143,1
5084,5143,1
4118,4119,1
4118,7424,1
4118,6750,1
4119,7424,1
4119,6750,1
7424,6750,1
4124,4013,1
4124,6079,1
4013,6079,1
5085,4139,1
5085,4138,1
5085,5611,1
4139,4138,1
4139,5611,1
4138,5611,1
7196,6923,1
7196,4142,1
7196,4141,1
6923,4142,1
6923,4141,1
4142,4141,1
4150,4151,1
4150,4603,1
4150,5946,1
4151,4603,1
4151,5946,1
4603,5946,1
4882,4154,1
4882,4155,1
4882,5076,1
4154,4155,1
4154,5076,1
4155,5076,1
5645,4167,1
5645,4166,1
5645,4508,1
4167,4166,1
4167,4508,1
4166,4508,1
6571,4190,1
6571,6078,1
6571,4191,1
4190,6078,1
4190,4191,1
6078,4191,1
4192,4193,1
4192,5315,1
4192,6889,1
4193,5315,1
4193,6889,1
5315,6889,1
4951,5103,1
4951,4218,1
4951,4217,1
5103,4218,1
5103,4217,1
4218,4217,1
5572,4221,1
5572,4222,1
5572,6303,1
4221,4222,1
4221,6303,1
4222,6303,1
7485,4224,1
7485,4225,1
7485,6991,1
4224,4225,1
4224,6991,1
4225,6991,1
7440,4227,1
7440,4228,1
7440,4942,1
4227,4228,1
4227,4942,1
4228,4942,1
4232,4233,1
4232,7199,1
4232,6320,1
4233,7199,1
4233,6320,1
7199,6320,1
4529,5468,1
4529,4237,1
4529,4238,1
5468,4237,1
5468,4238,1
4237,4238,1
7231,6794,1
7231,4255,1
7231,4254,1
6794,4255,1
6794,4254,1
4255,4254,1
4258,4259,1
4258,6624,1
4258,4804,1
4259,6624,1
4259,4804,1
6624,4804,1
7421,4288,1
7421,4289,1
7421,5339,1
4288,4289,1
4288,5339,1
4289,5339,1
5798,5760,1
5798,4290,1
5798,4291,1
5760,4290,1
5760,4291,1
4290,4291,1
4292,6728,1
4292,4293,1
4292,6550,1
6728,4293,1
6728,6550,1
4293,6550,1
4299,4300,1
4299,5229,1
4299,4334,1
4300,5229,1
4300,4334,1
5229,4334,1
5575,4302,1
5575,4303,1
5575,6635,1
4302,4303,1
4302,6635,1
4303,6635,1
4840,4309,1
4840,5492,1
4840,4310,1
4309,5492,1
4309,4310,1
5492,4310,1
7365,4312,1
7365,5402,1
4312,5402,1
7395,7304,1
7395,4316,1
7304,4316,1
4324,3032,1
4324,4442,1
3032,4442,1
4326,4327,1
4326,4410,1
4326,5428,1
4327,4410,1
4327,5428,1
4410,5428,1
4335,6299,1
4335,7087,1
4335,4336,1
6299,7087,1
6299,4336,1
7087,4336,1
6573,4357,1
6573,4356,1
6573,5973,1
4357,4356,1
4357,5973,1
4356,5973,1
6067,5835,1
6067,4366,1
6067,4365,1
5835,4366,1
5835,4365,1
4366,4365,1
7131,4368,1
7131,5682,1
7131,4367,1
4368,5682,1
4368,4367,1
5682,4367,1
4376,5048,1
6471,7516,1
6471,4414,1
6471,4415,1
7516,4414,1
7516,4415,1
4414,4415,1
5068,4417,1
5068,4416,1
5068,6095,1
4417,4416,1
4417,6095,1
4416,6095,1
4422,5613,1
4423,7048,1
4423,5446,1
4423,5445,1
7048,5446,1
7048,5445,1
5446,5445,1
4432,4433,1
4432,6792,1
4432,6761,1
4433,6792,1
4433,6761,1
6792,6761,1
4438,4439,1
4438,5422,1
4438,6253,1
4439,5422,1
4439,6253,1
5422,6253,1
6380,4449,1
6380,4448,1
6380,6480,1
4449,4448,1
4449,6480,1
4448,6480,1
4455,4456,1
4455,5981,1
4455,5998,1
4456,5981,1
4456,5998,1
5981,5998,1
6240,4461,1
6240,7186,1
6240,4462,1
4461,7186,1
4461,4462,1
7186,4462,1
4469,4470,1
4469,5330,1
4469,5136,1
4470,5330,1
4470,5136,1
5330,5136,1
6221,4480,1
6221,4481,1
6221,7248,1
4480,4481,1
4480,7248,1
4481,7248,1
4482,6598,1
4482,7338,1
4482,4483,1
6598,7338,1
6598,4483,1
7338,4483,1
5559,6762,1
5559,4486,1
5559,4487,1
6762,4486,1
6762,4487,1
4486,4487,1
4842,5086,1
4842,4512,1
4842,4513,1
5086,4512,1
5086,4513,1
4512,4513,1
4544,5080,1
4544,6749,1
4544,4543,1
5080,6749,1
5080,4543,1
6749,4543,1
4545,5634,1
4545,4546,1
4545,5602,1
5634,4546,1
5634,5602,1
4546,5602,1
5298,6287,1
5298,4550,1
5298,4549,1
6287,4550,1
6287,4549,1
4550,4549,1
4562,4563,1
4562,6919,1
4562,7415,1
4563,6919,1
4563,7415,1
6919,7415,1
6892,4568,1
6892,4567,1
6892,6373,1
4568,4567,1
4568,6373,1
4567,6373,1
4573,4572,1
4573,6015,1
4573,5396,1
4572,6015,1
4572,5396,1
6015,5396,1
4584,4585,1
4584,6527,1
4584,4718,1
4585,6527,1
4585,4718,1
6527,4718,1
4605,4606,1
4605,5476,1
4605,6059,1
4606,5476,1
4606,6059,1
5476,6059,1
7398,4609,1
7398,4608,1
7398,7123,1
4609,4608,1
4609,7123,1
4608,7123,1
4612,6193,1
4612,4611,1
4612,6438,1
6193,4611,1
6193,6438,1
4611,6438,1
4615,4614,1
4615,5847,1
4615,5567,1
4614,5847,1
4614,5567,1
5847,5567,1
5162,7422,1
5162,4617,1
5162,4616,1
7422,4617,1
7422,4616,1
4617,4616,1
4691,4692,1
4691,5713,1
4691,6854,1
4692,5713,1
4692,6854,1
5713,6854,1
6284,4696,1
6284,4850,1
6284,4697,1
4696,4850,1
4696,4697,1
4850,4697,1
7074,6906,1
7074,4714,1
7074,4715,1
6906,4714,1
6906,4715,1
4714,4715,1
4722,4723,1
4722,5185,1
4722,6354,1
4723,5185,1
4723,6354,1
5185,6354,1
7198,4753,1
7198,5937,1
7198,4754,1
4753,5937,1
4753,4754,1
5937,4754,1
7263,7379,1
7263,4768,1
7263,4769,1
7379,4768,1
7379,4769,1
4768,4769,1
7495,6304,1
7495,4805,1
7495,4806,1
6304,4805,1
6304,4806,1
4805,4806,1
6012,4814,1
4973,6521,1
7433,4863,1
7433,4862,1
7433,5141,1
4863,4862,1
4863,5141,1
4862,5141,1
5808,4866,1
5808,4867,1
5808,7076,1
4866,4867,1
4866,7076,1
4867,7076,1
4884,5934,1
4884,6182,1
4884,4883,1
5934,6182,1
5934,4883,1
6182,4883,1
4919,4920,1
6260,7098,1
6260,4926,1
6260,4927,1
7098,4926,1
7098,4927,1
4926,4927,1
6652,4955,1
6652,7270,1
6652,4956,1
4955,7270,1
4955,4956,1
7270,4956,1
4963,7501,1
4963,4964,1
4963,7384,1
7501,4964,1
7501,7384,1
4964,7384,1
5710,4998,1
5710,4997,1
5710,6063,1
4998,4997,1
4998,6063,1
4997,6063,1
5002,6209,1
5002,6895,1
5002,5003,1
6209,6895,1
6209,5003,1
6895,5003,1
5512,5804,1
5512,5012,1
5512,5011,1
5804,5012,1
5804,5011,1
5012,5011,1
6011,5019,1
6011,5018,1
6011,6947,1
5019,5018,1
5019,6947,1
5018,6947,1
5028,5029,1
5028,5382,1
5028,7271,1
5029,5382,1
5029,7271,1
5382,7271,1
5059,6104,1
5059,6970,1
5059,5060,1
6104,6970,1
6104,5060,1
6970,5060,1
5070,5071,1
5070,5906,1
5070,5683,1
5071,5906,1
5071,5683,1
5906,5683,1
5096,5097,1
5096,7052,1
5096,5848,1
5097,7052,1
5097,5848,1
7052,5848,1
5125,5124,1
5125,5957,1
5125,5551,1
5124,5957,1
5124,5551,1
5957,5551,1
6500,5146,1
6500,5147,1
6500,7523,1
5146,5147,1
5146,7523,1
5147,7523,1
7451,7257,1
7451,5158,1
7451,5157,1
7257,5158,1
7257,5157,1
5158,5157,1
5362,5170,1
5362,5169,1
5362,6870,1
5170,5169,1
5170,6870,1
5169,6870,1
6099,5198,1
6099,5171,1
6099,5172,1
5198,5171,1
5198,5172,1
5171,5172,1
5175,5176,1
5175,6106,1
5176,6106,1
5983,5183,1
5983,5219,1
5983,5184,1
5183,5219,1
5183,5184,1
5219,5184,1
5191,5745,1
5191,7322,1
5191,5190,1
5745,7322,1
5745,5190,1
7322,5190,1
5398,5192,1
5398,5193,1
5398,6907,1
5192,5193,1
5192,6907,1
5193,6907,1
5993,5204,1
5993,7285,1
5993,5203,1
5204,7285,1
5204,5203,1
7285,5203,1
6280,5214,1
6280,5215,1
6280,6043,1
5214,5215,1
5214,6043,1
5215,6043,1
6179,7331,1
6179,5222,1
6179,5221,1
7331,5222,1
7331,5221,1
5222,5221,1
5242,6618,1
5242,6466,1
5242,5241,1
6618,6466,1
6618,5241,1
6466,5241,1
5588,5255,1
5588,5256,1
5588,5753,1
5255,5256,1
5255,5753,1
5256,5753,1
5704,5477,1
5704,5277,1
5704,5276,1
5477,5277,1
5477,5276,1
5277,5276,1
5305,5306,1
5305,5806,1
5305,7006,1
5306,5806,1
5306,7006,1
5806,7006,1
5312,5311,1
5312,6026,1
5312,6938,1
5311,6026,1
5311,6938,1
6026,6938,1
5796,5662,1
5796,5373,1
5796,5372,1
5662,5373,1
5662,5372,1
5373,5372,1
5379,5378,1
5379,5576,1
5379,5719,1
5378,5576,1
5378,5719,1
5576,5719,1
5385,5384,1
5385,5426,1
5385,7060,1
5384,5426,1
5384,7060,1
5426,7060,1
5417,6857,1
5417,5416,1
5417,7253,1
6857,5416,1
6857,7253,1
5416,7253,1
5432,5433,1
5432,7239,1
5432,6985,1
5433,7239,1
5433,6985,1
7239,6985,1
1609,1610,1
1609,5436,1
1610,5436,1
5449,5448,1
5449,6920,1
5448,6920,1
6663,5481,1
6663,5482,1
6663,6565,1
5481,5482,1
5481,6565,1
5482,6565,1
5484,5483,1
5484,7389,1
5484,7457,1
5483,7389,1
5483,7457,1
7389,7457,1
6886,5485,1
6886,5486,1
6886,5726,1
5485,5486,1
5485,5726,1
5486,5726,1
5534,6732,1
5534,5533,1
5534,6025,1
6732,5533,1
6732,6025,1
5533,6025,1
5538,5539,1
5538,7483,1
5538,7316,1
5539,7483,1
5539,7316,1
7483,7316,1
6244,5568,1
6244,5569,1
6244,6494,1
5568,5569,1
5568,6494,1
5569,6494,1
5591,6282,1
5591,7089,1
5591,5592,1
6282,7089,1
6282,5592,1
7089,5592,1
5621,5620,1
5621,6560,1
5621,6687,1
5620,6560,1
5620,6687,1
6560,6687,1
7197,5688,1
6298,5882,1
6298,5714,1
6298,5715,1
5882,5714,1
5882,5715,1
5714,5715,1
5721,5722,1
5721,7119,1
5721,6210,1
5722,7119,1
5722,6210,1
7119,6210,1
6162,6273,1
6162,5836,1
6162,5837,1
6273,5836,1
6273,5837,1
5836,5837,1
6995,5853,1
6995,5991,1
6995,5854,1
5853,5991,1
5853,5854,1
5991,5854,1
6365,5858,1
6365,5857,1
6365,6389,1
5858,5857,1
5858,6389,1
5857,6389,1
5932,6620,1
5932,5931,1
5932,7105,1
6620,5931,1
6620,7105,1
5931,7105,1
7455,6440,1
7455,5938,1
7455,5939,1
6440,5938,1
6440,5939,1
5938,5939,1
5951,6820,1
7364,6054,1
7364,6055,1
7364,6092,1
6054,6055,1
6054,6092,1
6055,6092,1
7509,6075,1
7071,7012,1
7071,6187,1
7071,6188,1
7012,6187,1
7012,6188,1
6187,6188,1
7252,6252,1
6607,6778,1
6607,6274,1
6607,6275,1
6778,6274,1
6778,6275,1
6274,6275,1
6301,6302,1
6301,7510,1
6301,6599,1
6302,7510,1
6302,6599,1
7510,6599,1
7129,7068,1
7129,6499,1
7129,6498,1
7068,6499,1
7068,6498,1
6499,6498,1
6538,6539,1
6538,7020,1
6538,7057,1
6539,7020,1
6539,7057,1
7020,7057,1
6546,6545,1
6546,6922,1
6546,7281,1
6545,6922,1
6545,7281,1
6922,7281,1
6589,6590,1
6589,7236,1
6589,7341,1
6590,7236,1
6590,7341,1
7236,7341,1
6623,6622,1
6623,7106,1
6623,7269,1
6622,7106,1
6622,7269,1
7106,7269,1
6894,7267,1
6894,6643,1
6894,6642,1
7267,6643,1
7267,6642,1
6643,6642,1
7465,7502,1
7465,6840,1
7465,6839,1
7502,6840,1
7502,6839,1
6840,6839,1
6864,6865,1
6864,6917,1
6864,7227,1
6865,6917,1
6865,7227,1
6917,7227,1
6912,7511,1
6912,7527,1
6912,6911,1
7511,7527,1
7511,6911,1
7527,6911,1
7262,7277,1
7262,7082,1
7262,7083,1
7277,7082,1
7277,7083,1
7082,7083,1
